Ulasan,Rating
"Sering kesini kalo lagi pulang kampung.... Kemarin kesini tidak ada tiket masuk hanya biaya parkir kendaraan. Tempatnya semakin bagus karena selalu di renovasi dan dipercantik. Di pinggir pantai juga banyak terdapat tempat makan dengan harga yang terjangkau. Cocok untuk sekedar menikmati pemandangan, ataupun yang ingin berenang. ",5
"Pantai khas Balige, pinggiran Danau Toba aman buat anak anak karena pinggirannya tidak terlalu dalam, ada permainan banana boat untuk  dewasa ",4
"Pantainya bersih, dirawat dengan cukup baik. Pilihan permainan banyak, bisa naik ATV, banana boat, naik perahu, atau mandi di pantai. ",4
Lumayanlah tempat bersantai dan bermain air untuk trip keluarga. Sangat ramai pengunjung saat hari libur ,3
"Salah satu pantai di Balige yang menjadi tempat untuk menikmati Indahnya danau toba. View di tempat ini tidak perlu diragukan lagi.
Pantai ini semakin hari semakin tertata rapi. Terdapat banyak warung disekitaran â€¦  Lainnya",4
Pemandangan yang sangan indah dan suasana sangat sejuk ,5
"Pantai Danau Toba ini menyajikan pasir putihnya yang berbeda dengan tempat yang lain. Tempatnya asik baik untuk anak-anak maupun dewasa karena garis pantai air yang landai. Ada kapal, speed boat dengan banana, sewa ban kecil, sedang, besar, â€¦  Lainnya",4
"Hati2 banyak penipu, makan minum beli diwarung ini, kopi saset 10rb sd 15rb sih wajar, cuma sayang sekali duduk disuruh bayar 50.000 padahal cuma singgah saja. Kita minum makan berdiri gitu? Atau duduk di tanah kah? Ada baiknya ditulis sewa â€¦  Lainnya",1
"Pantai nya bagus dan luas, tapi terlalu banyak pengelola tempat jadi standar nya beda. Kamar mandi umum banyak tapi air nya nggak ada pas sore mau salin, saran saya buat satu manajemen untuk pengelolaan sarana untuk umum. ",3
"B8sa pesan tempat utk lesehan bareng2 sama rekan2 atau keluarga, berasa di pinggir pantai karna ada pasir putihnya padahal di pinggir danau toba, oiya disini jg bisa pesen kelapa muda atau kopi ya gaes, atau makanan lain sesuai selera, btw utk tempat lesehan itu berbayar ya gaess, dan parkir jg berbayar tapi ga mahal sih kayaknya mah ",5
"Danau toba, tapi dibuat seperti pantai pinggirannya

Fasilitas : kamar ganti, pondok, makanan dan minuman serta ban berenang â€¦  Lainnya",3
"Viewnya lumayan bagus , tp sayang orang masih banyak yg buang sampah sembarangan ",4
Lumayan...tempat main anak2nya lebar..motorannya keren.ada banana boat n kapalnya ,5
Sebelum sampai ke pantai ada tempat memandang-mandang dipinggir jalan. Masuk ke pantai gratis. Parkir mobil April 2023 Rp 10.000 ,4
"Murah dan rame kalau hari libur. Ada atv, banana boat kalau hari libur. ",5
"Pantai Bul Bul.. berada di Balige kabupaten Tobasa, Sumatera Utara. Dari pantai ini kita bisa memandang danau Toba dari sudut yang berbeda. Dulunya dipantai ini banyak terdapat bulu (bahasa Batak) yang artinya bambu, dan sampai sekarang â€¦  Lainnya",5
"Mohon pemerintah setempat agar lebih memperhatikan kebersihan. Dan retribusi memasuki wilayah wisata selalu diawasi, jgn suka2 warga setempat ",4
"Salah satu garis pantai di danau Toba yang memiliki pasir putih selain di Samosir Parbaba dan Pantai pasir putih Porsea. Tidak jauh dari pusat kota Balige.
Tersedia Toilet umum. Parkiran luas dan aman. â€¦  Lainnya",5
Pantainya indah dekat dgn kota balige ,4
"okasi nyaman, mantap lah pokonya.
Salah satu potensi wisata di toba. Di butuhkan peran pemerintah dan kontribusi warga setempat untuk membenahi. Wisata ini cocok untuk semua kalangan... apalgi MARHALLET ya kan. Cocok kam rasa bungkus ",5
"Cukup menyenangkan, banyak permainan yg bisa dimainkan, banana boat, samapn dayung itu apanamanya gatau aku, speedbot, kereta yg kayak GTA, pondok yg lumayan banyak, dan disepanjang jalan banyak pantai pantai lain bahkan bisa masuk kereta kepinggir pantai, hanya perlu Sedikit perawatan lagi ",4
"Healing yg berfaedahğŸ˜
Yg mau dtg ke pantai 2 ya...
Parkiran yg sangat luas(pastinya) â€¦ ",5
Kurang tertata lokasinya. Harusnya area pantainya clear tak ada rumah warga. Jalnnya sempit juga kalau ketemu bus. Perlu peningkatan dr pemda ,3
"Tempatnya bersih donggg,parkir hanya 10rb,mungkin karna suasana lebaran kali yahh?ada banana boat,speadboat,perahu dan lainnya. ",5
"Pantai nya enak cantik, cuma kalian harus berhati hati jika berkunjung kesini karena ada oknum oknum setempat yang mengambil untung, saya baru saja kenak..
Pada saat sewa pondok, dari jam 9 pagi kami masuk sudah dibayar lunas, tetapi â€¦  Lainnya",3
"Pantai yang cocok untuk liburan keluarga
Banyak pondok-pondok sewaan untuk berkumpul bareng
Trus juga ada toko-toko makanan dan jual souvenir disana â€¦  Lainnya",5
"Punya Air pantai yang jernih
Tempat (lokasi) sekitaran pantainya bersih,
Suasana nyaman, â€¦  Lainnya",5
"Semakin banyak pilihan untuk menikmati danau toba,  tentu dengan prasarana dan sanitasi yang harus di back up pemerintah dan kesadaran msayarakat sekitar atas nilai yang didapat dari para wisatawan ",5
"Asri, nyaman banget, terdapat musholla juga di sekitarnya, dan berbagai wahana menarik lainnya. Cocok buat refreshing and vacation bareng keluarga ",4
"Salah satu objek wisata terkenal di Balige, pasirnya putih jadi andalan...

Disekitarnya banyak tempat makan dan suvenir. Banyak yang datang cuma buat â€¦  Lainnya",3
"Untuk Kawasan Wisata.. Masih kurangnya rambu rambu yang menunjukkan tempat lokasi Wisata, saya rekomendasikan menggunakan Maps petunjuk arah untuk menuju lokasi. Fasilitas sekitar pantai cukup memuaskan... Kebersihan terjaga...Minus di â€¦  Lainnya",4
"Wisata menyenangkan, berenang dipantai  dengan pasir putih, air jernih dan ada pembatas agar tidak terlalu jauh ke tengah. â€¦  Lainnya",5
"Pantai yang cukup bagus di danau Toba, cocok untuk tempat liburan keluarga. Banyak warung makan. Banyak spot foto juga. ",4
"Pantai Bul Bul, dengan pasir putihnya memberikan suatu pengalaman tersendiri.
Fasilitas permainannya bervariasi dan termasuk lengkap untuk kategori wisata lokal. â€¦  Lainnya",5
"Mungkin kerena sudah ramai pengunjung jadi yg bagian sewa menyewa ban,atv dan kayak sedikit sombong ngomong nya, wajar aja ada tawar menawar mengenai harga.
Yang indah itu ketika sore menuju sunset cocok untuk ambil foto2. ",3
"Tempatnya enak buat mandi mandi bawak anak anak, tikat masuk gratis hanya parkir az bayar, tarip bus bayar 45rb mobil pribadi 10rb ",4
"Tempat yg nyaman untuk santai..
Sedikit saran untuk pemilik Gubuk/Saung..Tanyakan kepada tamu mau sewa gubuk atau tidak sebelum +5 menit saat duduk.. â€¦  Lainnya",5
"Cocok untuk tempat rekereasi baik bersama keluarga,  sahabat,  maupun teman
Cocok untuk tempat bermain serta untuk berfoto
Pemandangannya bagus dan udaranya juga segar + ada angin sepoi sepoi nya
Paling seru dan suka naik banana boat nya ",4
"Pantai Lumban Bulbul terletak di daerah kota Balige kab.Toba Samosir.
Jika ingin menuju destinasi ini, anda bisa masuk dari depan gedung kantor Dinas Pariwisata Balige (tugu onan Balige belok kanan kalau dari arah Medan), ikuti â€¦  Lainnya",5
"Pinggiran pantai danau toba, banyak penjual accessories khas pantai, beberapa kedai makanan, ada booth untuk berfoto tetapi harus bayar Rp 2.000, ada yang menyewakan ATV, permainan air seperti banana boat, rolling donut, kano, atau perahu â€¦  Lainnya",4
"Tempatnya sudah lebih baik dari 2 tahun lalu, sudah lebih bersih dan lebih tertata. Cocok di jadikan tempat penghilang penat di akhir pekan. Tidak harus membanyar uang masuk kalau kepantai bulbul ini. Permainan airnya seru dan banyak â€¦  Lainnya",5
"Sangat menikmati pemandangan dan fasilitas yang tersedia disana,,, liburan keluarga kami jadi berkesan ğŸ‘ğŸ‘ğŸ‘ di tingkatkan terus kebersihan, fasilitas2 yang lebih menarik perhatian ğŸŒ¸ğŸŒ³ â€¦ ",5
"Ramai sekali!
segala macam ada.
Mulai dari spot foto (biar kekinian), banana boat, speed boat, sampai kapal mini â€¦  Lainnya",4
Pantai Lumban Bul Bul adalah satu dari beberapa objek wisata yang ada di Sumatera Utara Tepatnya Kabupaten Tobasa kota Balige.. Wisata ini berada di bibir pantai Danau Toba. â€¦  Lainnya,4
Pantainya cantik..cm airnya agk keruh..banyak penjual makanan n souvenir..nice buat liburan keluarga ,4
Masih perlu penataan supaya makin terlihat cantik ,4
"Hotel dan Penginapan masih sangat kurang, saat liburan dan akhir pekan kesulitan mencari penginapan untuk keluarga, homestay juga kurang membantu saking banyaknya pengunjung. â€¦  Lainnya",5
"Tempat yg bersih dengan pasirnya yg putih,sangat menyenangkan,gratis masuk pula,wahana permainannya jg tdk terlalu mahal,pokoknya asyiiiiik dah,... ",5
"Daerah yg bagus untuk di kunjungi

Danau yg berpasir bersih, tidak berlumpur dan berbatu â€¦  Lainnya",5
"Lokasi yg sangat layak di kunjungi. Pemandangan yg indah, udara yg sejuk, angin sepoi"" semuanya menghilangkan rasa penat di hati dan pikiran. ",4
"Tempatnya bagus dan keren sejuk banyak anginnya cocoklah untuk wisata keluarga ada juga fasilitas naik kapal dan naik kendaraan kecil roda 4, 10rb untuk biaya parkir, terima kasih ğŸ™ â€¦  Lainnya",5
"Singgah sebentar di pantai ini pas otw medan, pantainya luas, tapi pondoknya butuh peremajaan, belum lagi ada coretan2 di spot foto tulisannya, sangat disayangkan. â€¦  Lainnya",5
"Tempat wisata pantai pesisir danau toba. Berkunjung pas libur tahun baru jadi pengunjung padat bngt. Tenda n saung tdk tertata rapi. Fasilitas toilet ataupun utk bilas dikelola secara pribadi... Toiletnya kotor..  n bau bngt, pdhl berbayar... ",4
"27 Desember 2022, pantai bersih,  mainan air lengkap , tidak ada anjing berkeliaran seperti beberapa tahun lalu, ada rumah makan islam 'Pondok Aisah' juga ada mushola dan kamar mandi bersih, yang kelola mualaf : ibu tampubolon, enak cerita"" Kisahnya mualaf karena belajar agama. Pondok nya yang dari bambu, selamat liburan ",5
"pantainya baguss,,  pembenahn terus mwnerus,,  gampang di tempuh,,  akses jalan sudah bagus,  tapi kalo kesini jangan pas hari liburan,,  seriusss penuh bangetttt ",5
"Pantai pasir putih di pinggir danau toba,,  terletak di kota Balige kab.  Tobasa..  Mudah dijangkau lokasinya nyaman dan yang pasti  pemandangan alamnya bagus... ",5
"Mantap seperti pantai d luar negri,ttpi akses jln masuknya,kmrin saya naik bus pariwisata besar,susah bnget lewat,pas2an jlnnya ",4
"Garis pantai panjang, water sport banyak, ada ATV juga, makanan & sewa tempat istirahat cukup murah. Anak2 betah main air.
Sayang akses jalan masih jelek, mohon perhatian pemerintah setempat. ",5
"Pantainya bersih, airnya dingin kalo mandi segerr bgt, tempatnya juga nyaman, sewa pondoknya lumayan murah sekitar 30k aja, cocok buat yg suka liburan bareng keluarga ",5
Pantatnya sejuk nyaman bersi pemandangan inda ayoh berbagi ceria di pantai Lumban bul bul ,5
"Merupakan pantai di kawasan Balige, Sumatera Utara, selain pantai, ada juga pondok yang menyediakan makanan halal disana. Terdapat beberapa atraksi disana seperti banna boat, sewa kendaraan keliling pantai . Untuk masuk tidak dikenakan biaya. ",5
"Akses menuju lokasi kurang bagus dikarenakan jalan yang sempit sehingga mobil sulit berpapasan apalagi kalau bus pariwisata sudah lewat sudah sulit sekali... Fasilitas umum disekitar pantai buruk, air tidak ada dan jorok... Suasana pantai bagus untuk refreshing dan harga makanan terjangkau ",5
"Pantainya mantap pemandangannya indah, bersih rapi  g nyesel datang kesana ğŸ‘ğŸ‘ğŸ‘ â€¦ ",5
"Pantainya bagus,  beberapa fasilitas rekreasi air ada, mudah dijangkau ",5
"Tempat nya asik,bersih.fasilitas kamar mandi yg lumayan bagus. ",5
Pantai yang bisa ditempuh kurang lebih 5 menit dari Kota Balige. Tidak terlalu bagus tapi cukup bersih dan lumayan untuk sekadar nyari suasana pantai (karena ini sebenernya tepi Danau Toba bukan tepi laut). Untuk yang suka olahraga air bisa â€¦  Lainnya,5
"Pantainya bersih. Ga banyak sampah bertaburan. Gratis. Pondok pondok utk istirahat teratur rapi. Tiap bbrp jam sekali ada petugas dari BNPB utk patroli di pinggir pantai.
Dan gratissss â¤ï¸â¤ï¸â¤ï¸ ",5
"Disini masuk gratis , hanya bayar parkir saja ",5
Pemandangannya inda banyak spit foto meskipun beberapa berbayar harga tempat berteduhnya lumayan 30k ,5
Tempat wisata yang menarik untuk dikunjungi wisatawan asing maupun lokal. ,1
"Saya kesana 19 Juni 2018, sehari setelah kejadian tenggelamnya Kapal Motor Sinar Bangun yg menewaskan ratusan orang, diharapkan kepada yang mau wisata ke pulau samosir agar naik kapal berhati2 dan selalu menggunakan pelampung dan taati peraturan agar jauh dari marabahaya. ",5
"Pantainya sangat indah. Ombak cendrung besar sehingga perlu pengawasan bagi yang membawa anak-anak. Pengunjung sangat ramai saat hari libur. Memiliki beraneka ragam permainan air seperti banana boat, Bebek air, dan wahana permainan air lainnya. Banyak deretan gazebo disepanjang bibir pantai. ",5
Bagus bgt! Banyak pondok jadi gak bingung mau rebahan dan makan dimana habis cape berenangğŸ˜„ğŸ˜… â€¦ ,5
Okay lah.. Sampe saat ini sih blm ada biaya retribusi. Biaya parkir pun seikhlasnya. Low budget with good view. Great!! ,4
"Tempat ini salah satu tempat wisata yang bagus di daera danau toba tepatnya di balige,tempatnya bagus indah dan ramai. Disana ada permainan banana boot,mobilcross,tempat photo dan juga restoran yang live music.Pada saat hari libur tempat â€¦  Lainnya",5
"Pemandangan yang sangat indah menyejukkan hati, pasir putih tempat arena bermain ",5
Liburan murah meriah . harga makanan terjangkau. ,5
"I like it....  Disini saya senang sekali berenang dengan keluarga...  Hanya kalau ada orang yang lewat batas,  ditegur dengan sangat keras.  Itu yang saya tidak suka sekali... â€¦  Lainnya",5
Lumayan bagus dalam perkembangan objek wisata di sepanjang pinggiran danau toba. Tapi tidak terlalu bersih dan fasilitasnya umumnya sangatlah kurang seperti toilet umum dan musholla. Saya rasa hal hal detail perlu untuk diperhatikan dinas terkait. Sekedar usulan saja. Walau saya rasa itu tidak mudah. Ciao ,3
"Wahh...tempat wisata yg wajib di kunjungi kalau kita di baligeğŸ˜˜ğŸ˜˜.
dari Parapat sekitar 4 jam lagi.untuk penginapan lumayan murah. â€¦ ",5
"Pantai yg indah,semoga pemerintah daerah lebih memperhatikan tempat wisata ini agar wisatawan lebih ramai ",4
Untuk bagian foto memang berbayar tapi hanya Rp 3000 sudah bisa puas bergaya ria ,5
"Kita yang selalu ingin menyatu dengan alam
Atau ingin sekedar tidur di saung sambil menikmati udara pantai bulbul.
Boleh datang kesini, aksesnya mudah sekali ko,
Gak perlu duit banyak,, ",5
"Sebuah lokasi pada tepian Danau Toba dengan pasir putihnya yang menghampar,seolah olah merupakan pantai. Kondisi perairan yang tenang membuat tempat ini menyenangkan untuk mengajak anak kecil bermain di air. Jika anda lewat kabupaten Karo, sangat sayang untuk tidak mengunjungi Pantai Lumban Bulbul ini. ",4
"Cukup memnjakan mata di keindahan pantai lumban bul bul balige..
Recomended buat para sahabat dana keluarga untuk berkunjung di pantai ini...
Keren... ",4
"Dekat dengan jln besar, kira-kira 1 km dari jln lintas medan-tarutung..
Tempat indah, masyarakat stempat ramah, menu masakan lenkap, makanan untuk muslim/non muslim ad... â€¦  Lainnya",5
"Tempatnya asik dan ramai. Apalagi kalo di musim libur nasional. Banyak wahana dan hiburan yang bisa dinikmati bersama keluarga, teman maupun pacar ğŸ˜œ Seperti Banana Boat, ATV, Canoe, Perahu, dsb. â€¦  Lainnya",5
Pantainya cocok untuk anak-anak ,5
"Akses ke lokasi cukup membingungkan, masuk & parkir gratis, banyak wahana permainan ",3
Tempatnya bagus ga dalam enak lagi ,5
Pantai tepian danau toba. Cocok untuk piknik bersama keluarga ,4
"Karena air nya  bersih... Sajian disajikan di sekitar pinggiran pantai juga sangat lezat dan pas di kantong
Wahana air juga banyak tersedia objek foto juga banyak â€¦  Lainnya",5
"Dikategorikan lumayan, soalnya pantainya masih kurang bersih.buat pemerintah setempat / pengelola , tolong lebih di optimalkan lagi panorama wisatanya, biar pengunjung semakin banyak berwisata. ",3
"Ramai, tempat parkir mobil kecil n mini bus ada, banyak tempat saung2. Ditempat saung2 sekaluan tempat makan + mandi. Ada sewa ban, banana boot. Ada jembatan bisa buat foto2. ",5
Keren bgt sumpa. Pasir putih dan pemandangannya bagussss ,5
"Tempat wisata yang lumayan bisa buat refreshing keluarga...
Tidak ada uang masuk, hanya membayar parkir saja. Murah koq 10.000 saja untuk mobil pribadi... â€¦  Lainnya",5
"Akses masuk menuju ke pantai masih kurang. Jalan terlalu kecil dan sempit, sehingga susah apabila bersimpangan dengan pengemudi lain. Terlebih kendaraan roda 4.apalagi bus ",3
Pantai ny indah ,3
Perlu penataan yg lebih baik supaya jadi tempat wisata yg digemari wisatawan ,4
"Cara menikmati sisi lain dari danau Toba.. karena sedang berbenah, maka kebersihan nya patut di acungi jempol ",5
"The wonderfull lake in Toba. Liburan ga harus mahal tapi tetap berkualitas, disini tempatnya, pas dikantong, pas dihati. ",4
"Bagus bisa main ATV buat anak anak
Namun inang inang sekitar kurang ramah.sungguh menakutkan.jangan coba coba duduk di kapal sekitar pantai pasti kena usir dengan muka kesal si inang. ",5
Tempat wisata yang sangat menarik ,5
Jangan buang sampah sembarangan jika ingin Danau Toba bersaing di kancah internasional. ,5
"Untuk biaya masuk gratissss !
Untuk parkir bayar yaaaa ..
Banyak yg jualan oleh oleh khas tobaa
Bagusss!!! ",4
Pantai dgn hamparan pasir putih dengan ombak yg tenang di Danau Toba ,5
"Hamparan pasir yang luas di pinggir danau dapat dimanfaatkan untuk bermain bersama teman atau keluarga. Selain itu, harga kuliner dan sewa tempat masih normal. ",5
ingin merasakan pantai dengan air tawar? mainlah dipantai pantai danau toba... salah satunya pantai bul bul ini... dan ternyata ombaknya galak juga alau musim angin... ,5
Pantainya bersih dan nyaman bnr2 pemandangan yg indahğŸ˜ŠğŸ‘ğŸ‘ğŸ‘ â€¦ ,5
"Pemandangan Danau Tobanya indah, bersih dan airnya juga jernih serta adanya petugas pantai yang selalu standby ",5
Waktu Bersama Keluarga dan orang yang kita adalah salah satu hal terpenting dalam hidup terpenting dalam hidup. ,4
Mantap pantainya. Ada pasir putih yang bersih. ,3
"Tolong perbaiki pelayanan. Bagi kita orang lokal banyak belajar bagaimana membuat tamu nyaman dan datang kembali. Kalau bisa pemda ikut perperan. Basmi orang2 nakal. Penjual barang, jasa dll ",4
"Pantai lumban Bumbul merupakan salah satu tempat wisata yang menjadi salah satu tujuan para wisatawan di sumatera.
Pantai yang terletak di Kabupaten Samosir ini memberikan kenyamanan bagi â€¦  Lainnya",5
Bagus bgt view nya... Aku sangat suka ,5
"Pantai yg indah dengan view danau Toba. Ada pantai satu, dua, dan tiga. Menyusuri pantai dgn jalan kaki di pagi atau sore hari sangat menyenangkan ",5
Kumpul makan bersama keluarga lebih syahdu di pinggir pantai danau Toba Lumban Bul Bul ,5
"Sudah bnyk penataan kawasan, pantai yg bagus dgn view danau toba. ",4
Pantai ini harus dikelola dan dirawat oleh orang2 yang ramah supaya wisatawan/tamu terkesan. ,3
"Paling asik naik banana boat bareng temen2 bisa puas menikmati keindahan danau toba,  buat mandi mandi juga asyik banget Pantai nya... ",5
Salah satu wisata danau toba yg indah di Balige ,5
Tempat yh sejuk pemandangan yh indah pokok yh terhibur ,1
"Mantap, tapi makanan sama pondok lumayan mahal hehe ",5
"Terakhir berkunjung dimari pantainya cukup bersih dengan perpaduan antara pasir putih dan air tawar segar khas danau toba, membuat tempat ini cocok untuk membawa anak kecil dan bersantai bersama keluarga tercinta... ",4
"Ke sini pas libur lebaran , ramaaaiii sangat pantainya. wisata air ada ban pelampung untuk renangÂ² anak, ada banana boat, kano, perahu. ada juga motor ATV. ",5
"bersih, rapi, tenang. nyantai sih enak disini guys ",5
"Pantai yg indah,,,nyaman,,bersih dengan panorama yg luar biasa deh ",5
"Pantai pasir putih keren khas Danau Toba, dan tetapi dengan keindahannya diharapkan kebersihan danaunya tetap lebih diutamakan. ",4
"Viewnya bagus,  kebersihan lumayan,  namun harga sewa pondok relatif mahal. Cocok untuk rekreasi keluarga. ",3
Seumpama kapal2di jafiin satu tempat biar yg pantai bersih ,3
"Tempat yang bagus ,pemandangan nya bagus.. ",5
"Banyak pilihan makanan, jadi lokasi berenang untuk anak anak, tempat berkumpul untuk keluarga, ada banana boat.. menyediakan sewa perahu.. ",5
Labas mantab walaupun berada di lokasi nonmuslim tapi musolla nya bersih ,5
Tempat yang nyaman untuk ngumpul bersama dan menikmati liburan ,4
Pantai Bulbul bisa berkapal dengan durasi yang singkat. Jadi mau berkapal durasainya ga jauh ke BULBUL yuk. ,4
Pantai nya sangat landai. Cocok untuk tempat bermain bersama anak2 ,5
"Mantap buat liburan bawa keluarga dan anak kecil...
Ombak danau nya tidak terlalu ",5
"Masuk dari Pintu 1, pantainya lumayan bagus dan tidak crowded. ",4
"Semuanya berbayar, mahal lagi. Kurang bagus ",1
"Tempatnya kurang luas,  terlalu banyak yg jualan,  jalur jalannya becek dan sempit,  parkiran jg kurang luas,  banyak genangan air/becek berlumpur. ",3
Objek wisata umum yg berada di tepian danau toba ,5
"Indah,  aman dan mengasyikkan,  selalu ramai dikunjungi ",5
"Pantaibubul /BALIGE/ yangterletak disebelah tepiankota balige ,yg memanjang di tepianbibirpantai kota
Anugrah tuhan yg mahaesa berikansatukeunikan yg takternilai sulapan venomena pantai alam nanlandai
Eleven pardede ",5
"Pantainya bagus, bisa buat berenang anak2. Ada kapalnya, banana boat dan ada spot foto yang cantik. Bila mau berfoto di kenakan biaya 2rb/org. ",5
Suasana alam yang indah dan alami serta warga yang ramah ,5
Tempat santai yg cukup bagus hanya saja akses jalan masuk dari parkir ke pantai kurang lebar ,3
Tempat yang sangat bagus yuk mampir ke toba yukk gaess.... ,5
Kebersihannya harap lebih diutamakan lagi..semoga beberapa tahun kedepan bisa lebih bagus lagi... ,3
"Pantainya danau toba, asik buat foto asik buat main air, anak anak suka ",5
Perlu dikelola dengan Baik supaya lebih menarik & nyaman ,3
Tempat nya bersih. Dan suasana diiringi musik ,5
Tempat wisata pantai yang bagus. ,5
"Parkiran mobil 10rb. Pondok 50rb. Banana boat 35rb/orang. ATV 50rb/30 menit. Toilet 2rb-3rb. Makanan masih standar tidak terlalu mahal. Pemandangan indah, air danau nya segar dan jernih. Cocok untuk liburan bareng keluarga dan teman ",5
Tempat liburan yang menyenangkan ,4
"Tempat nya bagus...

Sekarang udah mulai bersih, tempat sampai disediakan cukup banyak. Jadi jangan â€¦  Lainnya",5
"Pantainya indah dan sejuk serasa dilaut karna pantai pasir putihnya. Tersedia hotel dan homestay bagi yg ingin bermalam disana, tersedia parkiran kend. Pribadi ataupun Bus dan tarifnya murah,ada live musik gratis dan berbagai macam â€¦  Lainnya",4
"Bisa brenang...banana boat jga ad
Enak ntuk santai ",5
"Pelayanan yang baik, makanan yg enak dan suasana yg nyaman. The best ğŸ‘ â€¦ ",5
"Ya seperti pantai pinggiran danau toba pada umumnya.
Dengan pasir putih.
Buat aku sih gak ada yang spesial. â€¦  Lainnya",3
"Mantap,aku gak ada foto pantai bulbul. Tapi di minta foto. Ya ku kasih la ini ",4
Cuci mata sekalian menikmati ciptaan Tuhan. ,5
"Rame padat , buat keluarga bisa lah sama anak2. Ga semua toiletnya bersih ",4
Sudah baik tetapi perlu ditingkatkan ,5
Kotor padahal bagus pemandangannya :( ,3
Sewa gubuk dan tikar 25rb. Ada juga fasilitas musholla. ,4
"Bersih dan indah, cocok untuk keluarga terutama yang bawa anak-anak ",4
"Pantainya cukup panjang,,  arena bermain jg beragam (darat dan air),,  banyak tempat untung mengambil foto,,  yang ingin sekedar nongkrong jg dilengkapi dengan lesehan-lesehan kecil dibagian tepi yang menghadap langsung ke pantainya,,  tempat membeli pernak-pernik sebagai oleh-oleh juga ada ",5
"Sebenarnya namanya adalah Pantai Lumban Bulbul yang berada di Kota Balige, Sumatera Utara.Sering dijadikan tempat liburan kelompok/rombongan bahkan dari kota lain yang cukup jauh. Memiliki pantai yang cukup bersih yang di lengkapi dengan â€¦  Lainnya",5
"Tempat rekreasi terkini bagi masyarakat yang ingin berlibur, menghilangkan lelah dan cocok bagi keluarga yang ingin bersantai serta bermain. Tersedia aneka permainan mulai dari sewa boat, dayung, banana boat dan macam pilihan permainan â€¦  Lainnya",5
"Pantai di daerah Balige, air dan pasirnya bersih bebas dari sampah. Ditambah suasana nya cocok untuk merilekskan pikiran dan menenangkan jiwa. Ada spot foto juga bagi yang suka dengan foto"". Di sepanjang pantai juga banyak penjual oleh"" khas daerah ini. ",4
"Kurang byk fasilitas umumnya.
Sikit sikit mau foto bayar.
Maunya tempat ini dikelola oleh pemkab jadi gk perlu di duitkan semua kalo mau â€¦  Lainnya",5
"Pantainya sdh cukup baik, tapi jalan menuju pantai sangat sempit perlu di lakukan pelebaran kiri kanan jalan agar bus Parawisata berbadan besar bisa leluasa masuk ke lokasi parkir. ",3
Pantai yang sangat indah. Ayo buru kesini ,5
"Suasananya ramai ketika hari libur. Banyak pilihan wahana permainan. Mungkin untuk toiletnya supaya tidak bayar. Karena untuk pengunjung yg berlama2 di pantai, bisa ke toilet beberapa kali dan harus selalu bayar. ",5
"pantai nya bersih dan terawat, lumayan untuk menikmati udara pantai dengan pasir putih di kejauhan terlihat pulau samosir..rekomend banget yang lagi di medan,untuk singgah ke pantai bul bul ini ",5
Klo bisa peliharaan nya di kurung seperti anjing karena pengunjung nya saya liat kebanyakan muslimğŸ™ğŸ™ğŸ™ â€¦ ,4
adem..terdapat beberapa wahana air yang bs disewa... ,4
"Smapah bertaburan dimana"". Mesti ada kerja sama lebih antara masyarakat dan pemda. ",5
"Kalau lagi sepi, asik banget ",5
"Daerah pesisir danau Toba yang diperbaharui menjadi daerah wisata yang menawarkan wisata air maupun panorama. Ada bangunan yang menjorok ke danau, bisa digunakan untuk sekedar berfoto. â€¦  Lainnya",4
Paling enak kesini pagi2 ,5
"Pantainya indah berpasir putih, senang melihat para cucu bermandi ria di antara ombak yg menyentuh bibir pantai. ",5
"Baru-baru ini saya ketempat ini yang terletak di Balige ...
Saya bersama keluarga menikmati keindahan pantai bulbul ini dan tersedia wahana permainan seperti banana boat dan spot spot foto juga tersedia bagi para pecinta â€¦  Lainnya",5
Pemandangannya indah tapi jalan agak sempit sedikit macet ,2
"Rencana tgl 9 mau k sini apakah bisa buat mancing,atau cari ikan.. ",3
"Tempatnya dikelola dengan baik, tidak ada tarif masuk. banyak tanaman2 yg indah, banyak spot bagus untuk foto, banyak pilihan rumah makan, serta banyak penyedia jasa alat2 rekreasi. Sangat cocok untuk keluarga atau pasangan ",5
Pantai Lumban bulbul memang bagus buat di kunjungin ,5
"Pemandangannya indah, hanya saja jalan akses ke tempat wisata yang sepertinya perlu diperlebar dan kebersihan di lokasi tempat wisata, banyak sampah plastik di sekitar pesisir danau dan dalam airnya. ",3
"Pantai Danau Toba, Parapat adalah salah satu destinasi atau tempat tujuan yang banyak dijunjungi oleh masyarakat baik masyarakat lokal maupun interlokal bahkan nasional maupun internasional. Pantai Danau Toba, Parapat juga memiliki beberapa â€¦  Lainnya",5
Pemandangan indah bagus untuk wisata bersama keluarga atau pribadi namun masyarakat setempat masih mencuci kain pagi hari di pantai membuat ikan yang masih kecil mati padahal bermain dengan ikan satu kebahagiaan untuk anak-anak ,4
Good view in the Morning karena masih sepi dan bersih. Menyediakan banyak pondok dari harga yg cukup terjangkau sampai yang mahal. Wahana yang disediakan juga macam ragam. Menjadi tempat yang tepat untuk berlibur keluarga. ,5
Tempat yangat recomended buat yg ingin melihat sunset indah. ,5
"Masih mengandalkan panorama Danau Toba, namun penataan spot, pemeliharaan danau dan fasilitas masih sangat minim. Biaya parkir yang agak mahal dan kurang ramahnya para pelaku usaha disana, membuat kita harus berpikir ulang utk mengunjungi spot tsb. Jika dibandingkan pasir putih pangururan, masih jauh. ",3
"Tempat yang menarik untuk dikunjungi. Terdapat pasir putih sehingga terasa seperti berada di pantai sungguhan (bukan tepian danau). Harga yang ditawarkan pun terjangkau. Untuk jam 15.00 WIB, angin cukup kencang, jadi harus berhati-hati. ",5
"Pantai Lumban Bul-Bul Balige.
Tidak jauh dari pasar tradisional Balige.
Tempat yang aman dan nyaman. â€¦  Lainnya",5
Membawa anak anak bermain ceria ,4
"Seru, ada stand photo dan lesehan sepanjang pantai serta banyak pilihan makanan ",5
Pantai pasir putih di danau toba ,5
"Seperti pantai lain yang dibutuhkan adalah fasilitas, disini mulai dari permainan Atv dan permainan air, spot foto, tempat santai keluarga atau gajebo semua disewakan, toiletnya kurang perawatan, biaya parkir kendaraan, satu lagi jaga kebersihan ğŸ˜€ â€¦ ",4
"Pantai dengan pasir putih panjang pertama di kabupaten Tobasa. Tempat yang sangat tepat untuk menikmati suasana matahari terbenam di kota ini. Daya tariknya agak menurun ketika kolaborasi dalam melayani dan menjaga keindahannnya semakin berkurang, ayo bersatu lagi â˜º ",3
"Pantai air tawar yang indah di sekitaran danau toba tepatnya di Pantai Lumban Bul Bul  Balige.. Udaranya segar, pemandangan indah,tempatnya bersih dan bangunan tersusun rapi... Pantai yang cocok untuk anak anak karena ombaknya tidak besar, dan berair dangkal... ",5
"Pemandangan yang indah, namun setelah ada kasus tengelamnya kapal angkut KM Sinar Bangun Membuat daerah danau toba mulai sepi. Semoga bisa ramai pengunjung kembali. Dan ingat jika menggunakan kapal setidaknya pakai perlengkapan keselamatan terlebih dahulu, jangan tergoda harga yang murah ",5
"tempatnya luas, cocok untuk main sama keluarga. Untuk yg muslim tetap harus hati"" karena ada bbrp tempat yang memelihara anjing. Jadi anjingnya masih berkeliaran. ",4
"Pantai yang sangat indah
Pemandangan disini juga indah enak dipandang mata dan juga udara nya yang segar
Terakhir kali kesini sekitar 1 tahun yang lalu â€¦  Lainnya",5
Pantai yg bagus buat liburan keluarga ,5
Tempat yang sangat menarik dan cocok untuk bersantai2 ,5
"Ga sah ke Balige, kalau belum ke Bul Bul beach... ğŸ˜ğŸ˜ â€¦ ",5
Tempat nya nyaman buat liburan keluarga ,5
krennn sich....tinggal rasa menu makanan aja kurang ,4
"Banyak rombongan burung bangau melintas di atas permukaan air, hanya sekitar 100 meter dari bibir pantai, waktu itu jam 5 sore ke atas. ",5
"Dulu thn 1963 di Lbn Bulbul ini saya pernah kost beserta teman di tempat ini berenang, naik solu, jalan di atas pasir putih dgn keindahan Panorama, kita melihat nun jauh di seberang sana p.samosir yg mempesona Timakasih Pemda sdh â€¦  Lainnya",5
Bagus buat rekreasi... ,5
"jalan menuju pantainya kecil, air pantainya kurang bersih ",3
"Datanglah di saat siang menjelang sore, bukan di akhir minggu jika ingin merasakan ketenangan. Pantai cukup bersih, cocok berwisata bersama keluarga. ",4
Tempat rekreasi yg mengsyikkan dgn indahnya pemandangan danau toba ,5
Pantai yang indah .... Luas dipinggiran danau toba ,5
Gak mau pulang air nya dingin banget ,5
"Pnatainya bagus bersih, ",5
"Recommend...

Di beberapa teman di pinggir pantai ada terasa arus airnya yang membuat di beberapa sisi Air danau terasa dingin dan di sisinya nya lagi terasa hangat ",5
"Tempat ini cocok untuk bersantai di akhir pekan, namun di hari libur akan sedikit terasa sesak akan pengunjung .
Fasilitas hiburan nya juga lumayan bagus, untuk harga relatif terjangkau . ",4
"Cocok untuk liburan keluarga.. biaya juga gak mahal, cuma sewa pondok dan beli makanan, udah bisa berenang seharian.. ada banana boat, kapal boat, kapal santai, tinggal pilih aja ğŸ‘ğŸ» â€¦ ",5
Pantai yg bersih dan angin ya semriwing ,5
Wisata danau toba gak ada habisnya ,4
Cocok untuk anak2 tapi ya musti dijagain dong anaknya ,4
"Fasilitas wisata sudah lumayan lengkap,kita juga bisa menggunakan berbagai wahana,akan tetapi terkadang ada lintah nya ",4
"Jalan masuknya sempit ...tolong d benahi..jga penyewaan ATV buat ga nyaman...bising ,ber abu,dan banyak anak yg mengendarainya....takutnya knak tabrak ",5
"Ada homestay di Pantai Lumban Bul Bul Balige, yang dikunjungi Pak Menteri Pariwisata Arief Yahya, ada homestat Blessing Mangunsong yang sudah beroperasi di sana. Masyarakatnya ramah, bahasanya tegas, ada juga rumah adatnya yang tradisional ",5
Masih bagus gan bsa sampai di maju sebagai penyelenggara ,4
"Mantap dan Keren sangat cocok buat rekkreasi bersama keluarga,tapi ada yang sedikit mengganggu pemandangan mata ya itu parkiran kapal-kapal yang pencari penumpang untuk wahana air Danau harus nya jangan parkir di tempat pemandian para â€¦  Lainnya",5
"Wc kamar mandi untuk membersihkan badan tidak terurus. Air kran kecil, tempatnya kecil. Mohon untuk diperhatikan. ",3
"Suasananya bersih dan tenang, HargaÂ² pondok dll cukup murah, Pokoknya asiklah tempatnya untuk wisata ğŸ˜ â€¦ ",5
"Pantai Bulbul sangat cocok sebagai destinasi wisata keluarga. Banyak sekali wahana permainan, dan tersedia homestay untuk pengunjung yg ingin menginap. Destinasi terbaik Danau Toba dari Balige. ",5
Pantai dipinggir danau toba dengan pasir putih nan indah. ,4
Pantainya mantap sekali. Pemandangannha dapat semua. Fasilitas bermain juga mantap. Daerah untum bersantai juga memuaskan. Halaman parkir juga luas. ,5
"Sewa Pondokkan masih terlalu tinggi
Kamar mandi utk bilas kurang bersih
Titiknya tidak pas masih kearah persawahan ( seberangnya) ",1
"Cuaca nya sejuk, pantainya bersih dan ramai, beberapa wahana pantai bisa kita sewa disini
Untuk rekreasi keluarga adalah tempat yang tepat dipantai ini ",5
"Buat santai ngopi mantaap lah,jaga terus perawatannya semua area pantai..kasihan uang rakyat banyak dipakeğŸ¤Ÿâš¡ â€¦ ",5
"Pemandanga indah ditepi danau Toba yang biru dan terbentang gunung gunung, dan tersedia hiburan banana boat, ban dan lainnya ",5
"Ramai pada hari libur dan weekend, sayang tempat sampahnya tdk tersedia banyak, pantainya membingungkan kok masing2 membuat batas di pantai??? ",3
Pantai bul bul dengan air jernih sebenarnya gak terlalu wahh. Akan tetapi banyak wahana yang tersedia salah satu nya bermain kano membuat beberapa kesanğŸ‘ â€¦ ,5
"Tempat yg cocok utk liburan keluarga. Santai sejenak dr rutinitas sehari.
Pemandangan bagus. Ada pondok2 yg bsa disewa. ",5
Tempatnya asik dan luas... Hanya saja area pantai pasir untuk mandi - mandi jadi berkurang karena banyaknya kapal yang parkir dan saung saung yang dibangun ,4
"Pantainya cantik, airnya bersih,ada wahana air di dlmnya ada spot doto juga, free uang masuk, parkir cuma 5 rb. ",3
Sangat menarik. ,5
"Pantainya Bagus bgt,  bersih, pondoknya murah meriah,  yg hobby selfi top lah,  aman utk mandi2 bagi anak2 jg org dewasa ",5
Dulu bagus skrg agak kotor ,5
Suasana ya yaman.pantai ya bersih.udara ya segar.dan pemandangan laut yg sangat indah.oke ,5
Pantainya alami tp kurang tertata dengan baik dan disekitar pantai kotor ,3
pemandangan indah dan banyak permainannya ,5
"Perlu campur tangan pemangku kebijakan agar tempat ini memiliki daya jual tinggi terutama turis asing, bila tidak daya tariknya stagnan atau mungkin menurun di masa mendatang. ",3
Indah di waktu pagi atau sore. Tapi lokasi masuk ada kuburan ,4
"Keindahan danau toba, dirusak dengan pengelolaan yg kurang baik. Kebersihan tempat wisata kurang baik. Adanya wahana persewaan ATV, membuat tempat ini kurang nyaman. ",3
Pantai wisata pemandian dipinggiran danau toba ,5
"Orang-orang lokal cukup ramah, tempatnya asyik hanya saja yang perlu dibenahi masih banyak sampah berserakan jadi cukup mengganggu. ",3
"Pantai pasir putih, arena santai dgn keluarga, akomodasi yg memadai, wahana permainan air banana boat, kano, kapal wisata. Akses jalan , pemandangan danau toba yg menyejukan hati, mata dan pikiran.. jalan2 men ",4
Sangat indah pemandangan pantai bul bul ,3
"Harus Tetap di jaga kebersihan lingkungannya biar makin banyak pengunjungnya
Pertama kali berkunjung ke sini nyaman tempatnya untuk jadi objek wisata ",5
Wisata air danau toba dekat kota balige..tempat bermain dan berenang cocok disini ,5
Khusus di balige ini danau pasir putih .. masuk gak bayar loh .. hanya sewa pondok doang ğŸ‘ â€¦ ,5
Tiada warung makan halal. Mayoritas yg jualan batak kristen. Pertama kali kesini. Jauh dr Medan. Rombongan Bus. Perjalanan 8 jam. Menyesal. Gkmau lagi kesini ,1
Salah satu objek wisata di pinggiran danau toba ,5
Pemandangan yang langsung berhadapan dengan indahnya danau toba. Pondok yang menyediakan makanan halal dan harga terjangkau. Ada live musik jugaa ,4
Pantai bul bul letaknya di lagu boti.. ,5
"Ekan mandi di sini,segar,gak asin airnya ",5
nanti lah kesana lagi berenang ,5
Tempat yang cocok utk bersantai bersama keluarga...cocok juga utk berenang bersama anak-anak karena air pantainya relatif dangkal ,5
Viewnya bagus dan sangat memanjakan mata ,5
"Shrsnya sepeda airnya tetap diadakn.

Pemda hrs memastikn dana desa tepat guna utk memajukn tmpt pariwisata spt ini. ",4
"Pantai nya lumayan panjang dan luas..
Sewa tempatnya terjangkau..
Kebersihan tepat nya bagus..
Toilet nya sebaik nya ditambah ",4
"Menarik,Bersih,Rapi... kurang wahana airnya... cuman banana boat doang yang okay. Kalau bisa dibanyakin lagi. Akses jalan juga perlu di lebarin dan diperbaikin... ",4
Ramai.. Tapi kebersihan harus lebih terjaga rerutama kamar mandi.. Minta bayaran cepat. Tapi toiletnya bau kotorrrr ,4
Pantainya masih kotor. Masi banyak pengunjung buang sampah sembarangan. Petugas kebersihan perlu dimaksimalkan.. ,3
â¤ï¸â¤ï¸ ,5
"Pantai sekaligus kolam renang pribadi saya
Dari kecil hingga besar berada di pantai danau Toba
Indah fantastis keren menakjubkan pokok nya danau Toba idaman hati ğŸ’• â€¦ ",5
"Saya suka dengan tempat nya yang luas pas buat yang hobi bermain pasir dan kapal,cuaca nya pun sangat dingin seru banget lah ğŸ˜ğŸ˜ â€¦ ",5
"Krn kami datang pagi, lokasi msh sepi. Tempatnya lumayan lah utk sekedar melihat2 tepi danau toba. ",3
"Pemandangan pantai yg lumayan bagus terletak di danau Toba,Balige ,bisa d coba bagi yg blm pst puas tdk mengecewakan ",3
"Pantai pasir putih yang bersih, cocok untuk bersantai bersama keluarga menikmati sunset dan sunrise. Rekomendasi salah satu pantai terbaik di Balige ",5
Lumayanlahh... buat refreshing... ,4
Keren :v ,5
"Pantai unik berair tawar karena berasal dari danau toba, pemandangannya yang bagus, pasirnya yang putih.. Wajib dikunjungi klo ke balige.. ",4
Tempat makannya gatau halal apa ngga. Lebih aman pesan pop mie aja. ,4
Pantai buatan di tepi Danau Toba di daerah Balige ini menarik untuk dikunjungi karena ada banyak permainan air dan lokasi untuk selfi. ,5
Bagus pantainya. Hanya sayang toilet dan tempat untuk basuh / bilas sangat kurang sedangkan yg ada cukup jorok. ,4
Seru untuk wisata keluarga. Untuk wisata airnya lumayan baik dan guardnya ada. Tapi pondok2nya lebih dirapikan. Jgn asal bangun aja. ,4
"Sudah cutup bags tapi sampahnya musih lumayan banyak
Tolong untuk untuk pemerintah setempat
Kebersihannya di tingkatkan lagi
Terima kasih ",4
"Terbuka untuk umum, harga terjangkau, pelayanan lumayan ramah ",4
"Salah satu pantai di danau toba yang paling digemari masyarakat, selain indah tempat ini menyediakan berbagai fasilitas wahana bermain juga. ",5
"Kurang pasilitas..
Dan sekarusnya harga tiket masuk dijadikan satu dengan harga spot poto.. ",3
Banyak kemajuan...cuman akses jalan sangat susah..apabila lonjakan pengunjung...karena jalan sangat kecil... butuh perhatian dari pemkab Tobasa agar lebih serius untuk menindak lanjuti nya. ,4
Tepi danau toba dari sisi lain ,5
"Pantai danau toba adalah salah satu pantai yang indah menurut saya,pantai ini bertempat diprapat.tempat ini rekomended bgt buat menghabiskan akhir pekan dipantai ini bersama keluarga atau kerabat ",5
Pengelolaan kebersihannya baik. Tapi aktivitas diatas pasir menyebabkan ketidaknyamanan khususnya masy yang berdiam dan memiliki konsumsi disekitarnya. ,4
"Pertama kali ke bulbul dapat kesan bagus, tdk nyesal deh..hamparan pasirnya yg bagus..wahana airnya jg udah mulai lengkap..di banding pantai di kota2 lainnya gk kalahğŸ˜ğŸ˜ â€¦ ",5
"Pemandangan nya indah,,ada sepeda air dan lain sebagainya ",4
Lumban bul bul namanya ok lah buat destinasi wisata di balige ... Recomend bgt restonya harganya murah 8 orang pake mujair asam manis cah kangkung cuma 200rb ,5
Sangat indah ,5
"Pantai agak jorok dan ada genangan air,  air danau jorok banyak sampah plastik,  tidak menemukan toilet umum ",2
"Ini kedatangan kami utk kedua kalinya..
Air utk mandi bersih masih sangat kurang, krn stlh mandi dipantai mau mandi bersih gak ada air.. ",4
"Pantai nya bagus. Lokasinya nyaman, makanan enak. Tapi toiletnya yaampun. Toilet seharusnya diperhatikan, bukan memprihatinkan. ",5
"pantai dari perairan danau toba, deket pula dgn makam leluhur suku toba.cuma agak tertutup oleh warung2 dipinggirnya..hawanya adem..nice ",4
Airnya lagi pasang ,5
udara yg segar dan pemandangan sangat indah ,5
"Pantai yg sangat bagus, Aman berenang untuk anak anak dan fasilitas lainnya termasuk kapal boat ",5
Kurang menarik tapi lumayan luas lah ,4
Kebersihan kurang terjaga. Tenda pedagang lebih baik dirapikan karena jarak antara tenda pedagang dengan pantai terlalu dekat. ,1
"Untuk liburan keluarga, tempat ini cocok bagi anak anak. Berbagai wahana permainan air dan aneka kuliner bisa kita nikmati. ",5
"Pantai juga sangat luas dan juga bersih untuk sewa ban dan juga sewa kano harga sangat terjangkau, dan juga untuk naik banana boat ",5
Good. Semakin baik fasilitasnya. Harga ga terlalu mahal ,5
Mungkin lain kali kalau kesini pas tidak hari libur. ,4
"Air nya sangat kotor dan bau ikan, soalnya di sekitar danau toba masih ada yng memelihara ikan dengan tambak ikan. ",1
"Lokasinya dipinggir jalan dan berapa tepat dengan hotel Lagoos yang nyaman
Perlu menjaga kebersihan saja ditempat ini ",4
"Indah dan bersih.
Tapi belum ada musholla nya ",5
"Saya sangat suka dan ingin kmbali ke tempat ini,sebab nyaman dan bersih tempat nyağŸ¤—
Rekomended buat yg ingin kmri â€¦ ",5
"Pantai yg indah dan bersih,,  nyaman tidak ada pemungutan liar,  pokok e mantap. ",5
Sangat menakjubkan ,5
Kebersihan kurang. Terlalu banyak tenda penjual sehingga mengurangi luas pantai. Makanannya terlalu mahal. ,2
tolong info nya ada yang jualan sate nggak disana ,3
"Lumayan seru buat berenang d tmpt ini, tp mau ap j harus bayar... ",3
Pantai nya asikkkk... ,5
Tempat enak nyaman. View nya bagus. Cocok untuk rekreasi bersama keluarga. Untuk piknik dan mandi mandi ,5
Bagus untuk spot foto sunset ,5
"Pantai danau toba dari sisi kota Balige.
Pantainya landai dan bagus.
Akses ke pantai ini perlu di bagusin lagi ",5
Lokasi wisata yang asik utk liburan bareng keluarga. Makanannya jg enak di cafe Leon ,5
"Nuansa baru melihat danau toba, makanan standar dari rasa dan harga, pondok 50.000 per pondok ",5
Bagus pantai nya ,5
Hiburan yang menghibur..bayar parkir mobil 10.000 parkir motor kurang tahu harganya ,3
"Bagus,,krn wktu kmi singkt q hnya sebatas di pantai berenang,,mgkn indah klo malam hari ",5
tempat rekreasi keluarga ,4
"Banyak kurang nya.. Tenda kurang memadai, kamar mandi nya juga kurang XD tapi gatau ntah sekarang udah diupgrade ato belom ",5
"Msh bersih,,penjaga pantai tdk ada,,ciri khas souvenir lokal jg tdk ada... ",3
"Emang gak sebagus pantai Karimun Jawa dll. Cma, view pemandangan danaunya yg menenangkan jiwa ",4
Bagus tempat dan pemandangan ny ,5
"Pantai yg terletak di kota Balige, pantai yg msh perawan, dgn pemandangan yg bagus, sayang... msh kurang tertata. ",2
"Pantai yg indah, makanan yg cukup, tempat bermain air yg cukup, apalagi bersama keluarga, mantap ",4
"Pantai lumban bul bul Balige bagus. Dan pantaijya bersih. Enak naik banana boad. Seru dan tempatnya bagus, masyarakat setempat juga baik baik. ",4
Pemandangan yg indah langsung dari pinggiran Danau Toba serta Hamparan Pasir Yang Berwarna putih membentang di sepanjang pinggir pantai ,1
Tempatnya menyenangkan ,5
Perjalanan pulang nginap di Saka Primer ,5
"Spot nya kurang nyaman, sulit menemukan rumah makan islam dan tempat ibadah untuk pengunjung muslim ",3
"Pantainya cukup bagus, tapi ... sekali-lagi .... sampah perlu diperhatikan... ",4
"Pantai indah, bersih. Jualan dgn angkong sharusnya di bina karna kurang etis. ",5
ğŸ‘ğŸ¾ â€¦ ,5
Mantap ,5
"Mantap fasilitas nya juga udah lumayan, pelayanan juga ramah, tempatnya bersih, recommended buat wisata keluarga. ",4
"Tempatnya bersih , cocok buat keluarga , warga disana ramah. ğŸ™‚ğŸ™‚ â€¦ ",5
Tempat nya lumayan untuk refreshing bersama partner maupun keluarga dengan budget yang terjangkau... ,5
Mayanlahhh tapi ga pasir putih ,4
"Hari2 libur sangat2 macet, kesadaran warga sangat dibutuhkan untuk spy lbh baik tempat ini lbh bagus lagi ",4
Pantai sangat indah kurang penataan sayangnya daerah Destinasi Parawisata msh ada cuci pakaian dan cuci piring ,1
Viewnya Mantap Plus Kece Banget Buat Foto Foto Ala Instagrammable. Pokoknya Wajib Banget Dateng Kesini Kalau Ke Medan ,5
"Tempatnya bagus.bersih dan sudah dikelola dengan baik.
Tersedia wahana gocat.banana boat dan speedbot ",4
"Amazing,sangat indah...Bagi pelancong yang dari luar kota banyak terdapat penginapan yg murah ",5
Karena tempat strategis ..pantainya landai dan bersih cocok untuk tua dan muda..masyarakatnya ramah... ,5
"Pantai lumban bul"" bisa untuk dirikan tenda camping tidak, untuk nginap bermalam di sana gan? ",5
Selalu ramai. Kalai sudah eamai pesan makanan bisa lupa ,3
Asik lah pokoknya ,5
"Toilenya bayar 5rb kalo.mandi.
Pantainya luas. Makanannya mahal kalo.liburan. ",5
"Asyik dan seru,. Pantai pasir putih nan eksotis, Cocok buat Family time.. ",3
Sangat bagus dan pemandangan nya sangat bagus dan membuat mata dan otak menjadi Fresh ,5
Lumayan buat hiburan ,4
Air utk  Kamar kecil lebih di perhatikan kedepannya ,4
"Suasana pantai yang masih alami, sejuk tapi mesti dikembangkan lagi pengelolaan nya ",4
Saya anak balige... Bangga ada tempat  wisata di kampung sy  mudah - mudahan tambah maju... Dan tetap semangat ,5
"Cocok untuk keluarga, jangan lupa bawa payung untuk menghindari terik matahari siang. ",4
"Hemmm... Sarapan pagi yg luar biasa, perjalanan medan laguboti dan singgah sarapan didanau toba.. ",5
Bagus banget ,5
Wilayah pinggir pantainya kurang bersih ,4
Indah dan cukup bersih ,4
Pantai yg cukup luas dan air yg lumayan bersih ,5
"Airnya msh bersih, tempatnya nyaman dan udaranya msh segar dibanding ancol :) ",5
Danau ini mirip laut. Ada ombak dan pasirnya. Keajaiban alam yg perlu dikunjungi bila sedamg berada di Sumut. ,4
Pemandangannya gak jauh beda dengan danau toba ,5
Pemandangan nya bagusm. banyak tempat istirahat dan makan ,4
Pantai pasir putih balige ,5
Suasananya Keren Bangetssss ,5
Tempat reaksi yang bagus ,3
"Tempat santai yg mudah di temui tepatnya di daerah balige, pantai buatan masih alur dari pada danau Toba ",4
"View nya bagus, harga makanan okelah, makanannya juga standard, kurang variatif, kurang tertata ",3
"Makanan nya lumayan murah2, watersport nya yg mahal, padahal biasa aja ",3
"Alternatif lain daripada Parapat. Belum sepadat Parapat. Cocok untuk liburan bersama keluarga, kontur tanah/pantai landai. ",5
Asyik suasana nya ,4
Pelayanan nya lumayan ramah dan murah ,4
Tepatnya indah pemandangannya  ramai pengunjungnya ,4
Mantap pantainya... ,5
Bagus dan dekat dari kota ,4
Tempat yang begitu yaman dan tempat tenang yang paling enak.  Air danau toba ny yg begitu enak ,5
Tempat wisata yang bagus dan bersih. ,5
"Pemandangan bagus, sayang pantai kotor, dan air sekitar pantai butek ",3
Marikita jaga keindahan dan kelestarian tanah batak supaya tetap menjadi aset bagi anak bangsa hususnya batak ,2
Bagus airnya. Bagus anginnya. Bagus gunungnya. Tapi jalannya kurang bagus... Sangat disayangkan aku tidak mandiğŸ˜ŠğŸ˜Šâ˜º â€¦ ,5
"Mantap, pemandangan indah. Cuma bayar pakir terjangkau. ",5
Cukup baik... ,4
Ombak & riak kecil danau tobanya ok punya. Tidak panas krn banyak pepohonan ,5
"Pantainya bagus, tapi harus hati hati berenang disini ",4
Sangat senang keluarga ki ,5
Pemandangan nya indah cocok utk berwisata dan gk bosan dtg ke mari ,5
"Masih terjaga kebersihannya,  cocok untuk refreshing bersama keluarga. ",5
"Masih dikelola dengan sentuhan tradisional...sayangnya,kalau mencari informasi penginapan agak susah... ",3
"Pantai nya bersih
Terus banyak wahana air yg bisa dicoba ",5
"Makannya lumayan enak, ikannya juga besar besar, ada ikan mujahir asam manis dan ikan bakar ",4
Tempat bagus pemandangan indah cocok untuk wisata di Sumatra Utara yang harus dikunjungi ,5
"Bagus buat rekreasi keluarga, makanan minuman lengkap, sarana permainan. ",4
Salah satu destinasi wisata di kawasan kabupaten toba somosir tepatnya di kecamatan balige yang sedang berkembang. ,5
Keindahan pantai bulbul by post Queen of zwa ,4
Sangat nyaman untuk buat bersantai bersama keluaraga dan menyenangkan buat anak anak ,5
"Lumayan bersih kok, tempat nya bagus lah untuk bawa keluarga ğŸ‘ â€¦ ",4
Tempat yg asik menghabiskan waktu untuk liburan bersama anak. ,5
Tetap indah dan semoga akan selalu indah ,5
Parkiran Susah. Banyak tukang palaknya. Sangat tidak saya rekomendasikan. ,1
"Kurang ditata rapi , kotor dan masih banyak membuang sampah sembarangan ",1
Kurang asik untuk mandi. Sekedar foto sih bagus pemndngnnya ,2
Aku suka berenang disini seru banget ,5
"Lumayan , tapi tempat untuk bersantai kurang memadai, kalau bisa tempat duduknya di perbanyak ",4
Airnya jernih...byk permainan ,5
Tempat dan suasana ya Yaman ... ,4
"Lumayan, tapi sangat disayangkan sewa lapaknya 1/2 hari ",3
"Mahal dan kadang kesempatan mereka. Kita bawa bekal ehh, harga pondoknya selangit. ",2
"Pantai nya indah, banyak pondok 2 utk istirahat. Penjual makanan banyak ",4
Masih alami ,5
Bagus sekali pantai d.danau toba gk jauh dr kota balige ,5
View nya bagus ,5
Tempat rekreasi untuk segala usia. ,4
lokasinya bagus tapi unt daerah pariwisata pelayanan harus di tingkatkan dan harga harga harus jelas ,3
Bagus ,5
Pemandangan indah. Jalan harus hati-hati karena banyak anjing berkeliaran. ,4
"Sampah dipinggiran pantai menjadi sorotan saya, pertama kali menginjakkan kaki dsini ",4
"Pantainya indah,..  Cocok buat keluarga apa lg yg  panya anak anak,.. ",5
Pantainya landai banyak fasilitas cocok untuk anak  bermain ,4
Pantai nya bagus dan selalu ramai dikunjungi wisatawan ,4
Kalau hari besar terlalu macet. Perlu pembuatan jalan alternatif atau pelebaran jalan. ,5
Enak bagus dan pas tempat rekreasi keluarga ,5
Cukup menarik untuk tempat wisata bersama keluarga ,4
"Selamat pagi ğŸ˜˜ğŸ’ª
Cream royal platinum no mercury ğŸ˜˜ â€¦  Lainnya",5
Penasaran bagaimana kondisi pantai balige cukup baik untuk tempat berlibur ,4
tempat terbaik menikmati sunset pantai ala jimbaran di Danau Toba ,5
"Pengalaman yg tak akan trlupakan, udara yg sejuk di dukung pemandangan yg menajubkan. ",5
"Sejuk, indah, surga nya dunia dengan banyak panorama yg menakjubkan ! ",5
Tempat rekreasi keluarga yg bagus ,5
Tempatnya nyaman untuk liburan dan wisatanya juga bagus bangettâ¤ ,5
Mantapp ,5
Tempat yang cocok untuk family time ,5
Surga yg dirindukan... ,5
"Kurang tertata rapi, pasir pantainya gk putih jg... ",1
"Lumayan bagus,bersih..harga makanan juga normal ",5
Oke ,5
"Senang liburan kesini, pantainya bagus banyak wahana/permainannya. ",5
Sampah berserakan si area pantai. Kebersihan perlu ditingkatkan. ,4
Ramai dan banyak permainan baik di danau maupun di daratannya ,4
"pantai yang indah
pemandangan juga indah
cuaca di pagi hari dingiiinnnğŸ˜¨ğŸ˜¨ğŸ˜¨ â€¦ ",4
Menyenangkan Sekali ,5
Tempat bersih dan cocok buat rame rame kumpul dengan keluarga ,5
Ombak pantainya besar dan bersih. Bisa berenang dengan aman. ,5
"Pantai lumba bulbul sangat baik, parkiranny luas serta pelayanan jg sngat baik.. ",5
"Yg sekarang motor atv yg sudah merajai...
Polusi asap, polusi mata.. ğŸ¤£ğŸ¤£ â€¦ ",3
Pantai yang indah sekali...  Banyak tempat berfoto  dan permainan.. ,5
Tempat yang santai menghabiskan liburan bersama keluarga ,5
Lumayanlah buat nyenangin anakÂ² ,5
Pesisir danau Toba yang terletak di Lumban bulbul memiliki pemandangan yang indah dan bersih ,4
Pantai yg begitu indah dan nyaman untuk tempat bermain ,5
"Pasir yang putih dan pantainya luas.
Cocok untuk wisata keluarga ",4
"Pertama kali kesini.. tempatnya bagus, prmandanganya indah,. Berkesan deh ",4
"Bagus dan keren
Pemandangan nya indahğŸ¤—ğŸ¤— â€¦ ",5
"Banyak permainannya. Banana boat, ATV, spot untuk foto, dll... ",4
Tempat rekreasi yang sangat di rekomendasikan buat keluarga. ,4
"Lumbanbulbul merupakan pantai yg cocok sebagai tempat santai bersama keluarga, ",5
"Suasana oke
Ttp lingkungan kurang mendukung
Banyak non muslim ",3
Indahh ,5
Salah satu tempat wisata yang cocok anda nikmati di daerah danau toba. ,5
"Karena pantai Lumban bul bul kampung halaman saya, tempatnya sangat bagus ",5
Pantai rakyat ,4
Pantai bul bul Lumban Balige toba ,5
Pantai danau yang luar biasa indah dan nyaman untuk bersantai. ,5
"Menyenangkan, dari pagi ke siang adalah waktu yang tepat menikmati tempat ini ",5
Pemandangannya gak kalah menarik dengan pantai di lombok. ,5
"Air nya cukup bersih, dan suasana yg nyaman.. ",5
Keindahan pemandangan dari Hotel Carolina ke Danau Toba luar biasa..# bangga ,5
Airnya msh jernih dan akses msk ny gratis ,5
Sangat cocok utk wisata bersama keluarga ,5
Tempatnya widihhh... kampung akka sona malela...ğŸ˜.. pasti nagiiih â€¦ ,5
Cocok untuk bersantai bersama keluarga dg pasir putihnya ,4
Keren ,5
Lokasi dan panorama tempat ini sangat cocok untuk wisata keluarga ,5
Bersih sejuk cocok buat liburan dgn keluarga ,5
"Pantainya bagus,.. tapi layanannya masih kurang ramah,... ",3
"Pantainya bagus, tetapi manajemennya masih belum rapi. ",3
Indah ,5
"pantainya lumayan bersih, sayang tidak dikelola dengan baik ",3
"Wisata murah meriah, pantai danau toba, akses dekat jalan raya ",5
Saya suka pantai nya yang tenang...suasana rilex nya dapet.... ,5
"Sangat seru bermain dipantai ini, dan aman untuk anak"" bermain ",5
"Ramai. Banyak wahana bermain. Sepeerti banana boat, perahu, kapal, dll. ",4
Kita harus hormati peraturan di sana karna sudah banyak korban jiwa di sana ,4
Pantai asik... Simple natural bisa naik wahana banana boat ,4
Tempat wisata yang menarik dan cocok untuk keluarga. ,5
Tempat rekreasi yg saya rekomendasikan ,5
Kebersihan nya masih sangat kurang terutama Toilet ,3
SeruğŸ˜ â€¦ ,5
Dapat menurunkan kepenatan di akhir tahun 2019 meyambut 2020 ,5
Senang ,4
"Pantai nya cantik
Tapi wc umum grtis dong ",5
Cocok untuk orang yg tidak pernah melihat danau ,4
View nya keren banget apalagi di waktu sore hari ,5
Pantai yng sangat indah dan enk baut wisata keluarga ,3
Pemandangan  yang sangat indah untuk di nikmati biat liburan ,5
pemandangan yg sangat bagus untuk dinikmati... ,5
Lokasinya sangat Cocok untuk rekreasi keluarga ,5
Cakep dah ,5
Asyik Menikmati Indahnya Pantai Danau Toba... ,5
Kurangnya fasilitas kamar mandi dan tenda bertedu ,5
Pantai kurang pengelolaan ,3
Sangat menarik ,5
Tempatnya bagus ,4
Mantul ,4
Tempat yang nyaman untuk akhir pekan dan hati libur. ,4
"Myrah, Bagus Dan Air nya mash jernih... Yg pasti ga Myrdal... ",5
Pantai ini luas fan tersedia fasilitas yang bagus juga ,4
"Kalo lebih bersih lagi, lebih banyak wahana lagi mantep ini ",4
Wah... ini tempat kesukaan ku dan keluarga banyaj kenagan disana... i will be back again..... ,5
Pantai pasir danau toba yang asik dengan berbagai jenis hiburan ,5
Pariwisata sejuk dan indah menikmati pemandangan danau toba ,5
Untuk liburan cukup bagus buat keluarga ,4
"Pantai 3 Lumbanbulbul kasi bintang 5, klaw maw taw langsung aja datang melihat ",5
"Tempat nyaman, bs untuk berenang, pemandangan indah ",4
"Dingin, nyaman, ada permainan jetski dan bananabot juga ",5
Pantainya sangat indah bersih dan sejuk ,4
"Pantainya bagus,lokasinya juga strategis. Hawanya juga sejuk. ",5
Enak nyaman ,4
Is the best kalau punya teman.  Kalau sendiri gausah jalan ksana.  Semua sibuk sendiri karena serunha ,5
Good. Bersih. Fasilitas lengkap ,5
"Saat ini jauh lebih bagus, tertata, indah dibandingkan waktu lalu ",5
"Akses menuju lokasi wisata, sangat kurang ",5
Pemandangan indah dan santai yang nyaman  mantap ğŸŒŒğŸš£ â€¦ ,5
ğŸ‘ â€¦ ,5
"Bagus tempat Nyaa, spot fotonya juga cantik ",5
Bersih dan terawat... nyaman lah untuk para pengunjung ,5
Indah...cukup bersih ,5
Pelabuhan Ajibata Parapat ,5
Akses jalan menuju lokasi sempit.. ,1
Pantai bulbul#danautoba ,5
"Tempatnya nyaman, dipantai pasir putih. ",5
Tempat nyantai yg enak n nyaman. ,5
Destinasi baru di danau toba ,4
Sngat menyenangkan ,5
Cocok utk liburan bersama keluarga ,4
Bagus tapi fasilitas kurang jadi sangat di sayangkan ,5
Indah ğŸ˜ğŸ˜ â€¦ ,5
Tempat nya sejuk dan asri ,5
Tempatnya bagus untuk liburan dengan keluarga. ,5
Sangat cocok untuk bersantai dan liburan keluarga. ,5
Gadak jual makanan siap saji kecuali popmi ,3
Enak bingit tapi tadi terik x jadi makin eksotis kulit saya ,5
Pantai nya indah...  Walaupun itu sebenarnya danau hehehe ,5
tempat rekreasi keluarga paling rekomen di balige ,5
Bagus ,5
Pantai danau Toba Bersih n paNorama masih sangat Asli lohhh ,5
Recomended untuk melepas penat ,5
"Pantai yang indah, tapi tolong kebersihannya dibenahi benar2 ",4
Pantai wisata danau toba dengan pasir putih yang indah.. ,5
Apakah saat ini pantai bul bul terbuka untuk umum ?? ,5
mau foto aja bayar 3rb perkepala ,5
Difing dipantai bul bul ,5
"Tempat nyaman
Terutama untuk anak anak bermain ",5
Bg info nya lebaran haji buka gak ,5
Perlu dilakukan perbaikan demi kemajuan pariwisatanya. ,5
"Wisata yg indah,ramai,aman dan nyaman ",5
Refresing baik nih.... walau belum ramai wahana ,5
Yapim taruna ,5
"Terlalu banyak gubuk2 nya, pantainya jadi sempit ",4
Indah dan sejuk Tapi Lebih Indah Pantai Pasir putih parbaba. ,4
Lumayan tp penginapan masih sedikit ,4
Indah tenang untuk rifreshing ,5
Pantai bul bul dengan secangkir cofe ,5
"Kurang puas

Parkirannya tdk bagus. ",1
Cocok utk berkunjung dgn keluarga ,5
"Tempatnya asyik, indah dan nyaman. ",4
"Biasa2 saja, msh perlu penanganan yg lebih baik lagi. ",3
Tempat rekreasi ,5
Pantai pasir yg lumayan bersih.. ,4
Satu satunya pantai dari perairan danau di Indonesia. ,3
Nyaman santai..pemandangan bagus ,5
Tempat ini patut dikunjungi..destinasi Danau Toba..mantap ,4
Indah...dan air nya masi sangat sejuk ,5
Mantapppp..... ,5
Salah satu destinasi wisata yg indah di danau toba ,5
"Pemandangan yang bagus

Tempat buang suntuk ",4
Buat pemandangan yg sangat indah ,5
Wisata tanah batak yg perlu di kembangkan ,5
"Pantainya bagus, banyak permainan disana ",5
Bisa lebih dimajukan apabila ada niat dan konsep yg bagus ,3
"Pantai bagus, pelayanan nya kurang puas ",4
Lokasi wisata di Sumatera yang sudah terkenal di mancanegara. ,4
Lumban bulbul... Ok... ,5
Pasir putih danau toba.. Yg indah utk wisata ,5
Cocok buat liburan keluarga ,4
Pantainya mantap... ,5
"Rameee,  banyak tempat ngumpul dan game ",5
Cocok buat brlibur dgn keluarga.. ,5
Airnya tenang.  Banyak wahananya. ,5
Jengkel melihat orang buang sampah di danau. ,4
Sudah bagus tapi masih perlu banyak pembenahan ,3
Menyenangkan ,5
Tempat yg masih asri dan jauh dr kebisingan ,5
Tempat wisata di Balige yg sangat recomanded ,5
Wew ,5
Pemandangan yang indah karena tempat strategis ,5
"Untuk Tobasa yg unggul dan bersinar, pastikan pilihanmu! ",5
Lumayan lah buat acara keluarga ,5
Ya bagus aih untuk tempat. wisata.. ,5
Lumayan rame dan tempat nya bersih ,4
Pantai yg indah sejauh mata memandang ,5
Nyantai cocok ,5
Danau Toba dari sisi kota Balige ,4
Tempat wisata yang indah ,4
"Cukup, masih perlu byk yg ditingkatkan ",4
View danuu tobanya keren ,5
Indah pemandangan ny ,4
Tempat wisata yang sejuk dan indah ,5
Bagus buat piknik keluarga. ,5
Menyenangkan apalagi bawa keluarga aman. ,5
"Baik untuk rekreasi keluarga,,dan ramai kulinernya ",5
"Walaupun, sudah sering ke tmpat ini, ga bosan2 rasanya, ",5
Tempatnya enak tapi harga nya mahal mahal ,5
Tempatnya nyaman dan sangat indah. ,5
Pantai nya mantap bulbul ,5
Bersih pantai nya airnya jernih juga ,5
Menu makanan di pantai bul bul balige ,5
Pantai yg indah n menawan... ,4
Banyak permainan dan pemandangan indah ,5
Bersih...masyarakatnya ramah ,5
Tempat liburan dan santai buat keluarga. ,4
Tempatnya sangat bagus ...ğŸ¥°ğŸ¥°ğŸ™ â€¦ ,5
Bagus tempatnya untuk santai atau keluarga ,5
Kurang rapi dan kurang bersih.perlu perhatian pemda ,1
Indah dan sejuk ,5
Tersedia ikan bakar ,5
Lebih fresh dan nyaman ,5
Q senang dengan permainan nyaa...â¤ ,3
Perlu penataan yg baik oleh pihak terkait. ,4
Lumayan buat rekreasi keluarga ,5
Tempat nya indah dan selalu ramai ,5
Cocok buat quality time sm kluarga ,4
Sangat indah ,5
Indah dan akses masuk juga ga sulit ,5
Pantai bersih akses jg mudah ,4
Pantainya sangat bagus dan krem ,4
Lumayan tempat rekreasi air ,3
Kurang penataan kamar mandi. ,1
Pemandangan indah dan pantai bersih ,5
Lokasi indah dan gak sangat strategis. ,5
tempat wisatanya  bagus dan asyik ,5
"Bagus ,tp masih kurang fasilitasnya ",5
Ramah banget orang disekitarnya:) ,5
Cocok untuk liburan keluarga dan pasangan ,5
Tempat untuk berliburan yang seru banÄ£et. ,5
"Alamnya yang indah, membuat indahnya kebersamaan..! ",5
Bawa anak2 berlibur di pantai ,5
Tempat wisata yang mengasyikkan.... ,4
Tempat yang menyenangkan utk keluarga ,5
Asik aja.. ,4
Semoga menjadi lebih indah huta ta ,5
Pantai yang sangat indah dengan sentuhan alami ,5
"Mahal tempat parkir, lalu semua serba uang ",1
Tempatnya sangat indah dan sejuk ,5
pantainya ok tapi kebersihan kurang ,4
ğŸ™ğŸ™ğŸ‘Œ â€¦ ,4
Tempat rekreasi yang cocok untuk keluarga. ,5
Tempatnya nyaman untuk anak2 ,4
Cocok buat liburan keluarga ,3
"bagus, hanya saja mahal untuk jajan ",4
"Tempat bermain air di tobbaaaaaa,, ",3
"seru sih, tapi pedagang disitu suka maksa ",4
View dari bulbul resto ,5
"mantap, tapi sayang masih kurang bersih ",4
Tempat liburan yg sangat tepat ,5
Cukup mantap pemandangannya ,5
Senang sekali barneg temen kerja ,5
Pantai yang indah dan asyiknya. ,4
Cukup menarik untuk dikunjungi ,5
"Infrastruktur kurang, penataan pante yg kurang ",2
Tidak ada yg menarik. ,1
Gak begitu bagus jd B 1 qja ,1
"Indahnya danau toba, dari sisi mana pun ya tetap indah ğŸ˜ğŸ‘ â€¦ ",5
Tempat rekreasi pantai danau toba ,4
Luas n panorama keren benget ,5
Kalau bisa tolong di percantik lagi lah ,3
Suasana sangat indah n.sejuk ,5
Keren ,5
Pemandangan nya luar biasa ,5
Indah tempatnya ,5
"Asyik, nyaman, aman, tenang, indah. ",3
Rekomen buat anak2 dan kita2 juga ,5
Elok tempat nya parkir lega ,4
Indah dan nyaman ,5
Pantainya lumayan bersih ,3
"Jernih, banyak wahana nya.. ",4
Ini juga lumayan keren tempatnya ,5
Tempatnya bagus di sore hari ,5
Suka sama tempatnya ,5
Serasa pinggir laut beneran.ğŸ˜ğŸ˜ğŸ˜ â€¦ ,5
Pasir putih .wahana banyak. Keren dahhh ,5
"Bagus, pemandangan ny indah ",5
Pantainya kotor kmrn... ,4
Danau toba na uli lagu ,5
Masih asri ,5
Pantai yg sangat indah...... ,5
Bagus buat anak dan keluarga.. ,5
Nyaman unntuk bersantai ,4
Tempat nya mudah dijangkau ,5
air nya jernih.. ğŸ˜ğŸ˜ğŸ˜ â€¦ ,5
Sangat2 menyennagkan berda di tempT ini ,5
Cocok sekali untuk quality time ,5
Pemandangannya luar biasa ,5
Asik pantai dengan view danau toba ,3
"Sangat-sangat-sangat bagus, keren, wonderful ",5
"Menikmati sunset indah di danau toba, ya disini. ",4
Sangat menyenangkan berada di bulbul ,4
Cocok untuk bersantai dan rekreasi ,5
Pemandangan nya yg indah ,5
Tempat permandian di Balige -Danau Toba ,4
srmangkin bersih dan tertata. tetap dijaga ,5
Pantainya bersih ,4
Viewnya baguss ,5
"(-)kurang menjaga kesersihan
â¤â¤ ",4
Susah untuk mencari tempat makan ,3
Pemandangannya bgus ,3
Pantai air tawar hebbat ,5
Air nya bersih ,4
Sungguh indah ğŸ‘ â€¦ ,5
Pantainya kotor ,1
Nyaman ,3
"Pantainya ramai pengunjung, ",4
Pantainya bagus ,5
Pantai simanindo dan Tigaras ,5
Indah ,4
"Pantai nya tidak bersih,  agak kotor ",3
Mantab sangat indah.. ,5
Alami ,5
Tempat yang paling indah dan saya suka ,5
Pantai biasa aja ,2
"Liburqn alternatif, Balige, Tobasa- sumut ",5
"Kebersihan lebih ditingkatkan.
ğŸ˜ŠğŸ˜ŠğŸ˜ŠğŸ˜Š â€¦ ",4
Tempat wisata bagus ,5
Lumayan bersih ternyata. ğŸ˜ â€¦ ,5
Bagus tempatnya ,4
"Rancak bana..
Horras.. ",4
"Pantai air tawar, Alternatif wisata di Tobasa ",2
Tempatnya bagus ,4
Bagus..pemandangan ,5
Bagus dan bersih ,5
Tmpat menarik untuk liburan ,5
Bersih dan aman buat anak ,3
Kerennnn ,4
Bersih....keren... ,5
Tempat nyaman untuk berlibur ,5
"Tutup sementara selama covid, ",5
"Udah lumayan lah ketimbang dl,, ",3
Sangat cocok bagi keluaga ,5
Pemandangan sangat sejuk ,5
Pantai nya sangat indah ,5
"Oke Willian , kapan kita kesini lagi? ",4
sangat indah dan yaman ,5
asal mula leluhur kami.. ,4
Cocok tempat berlibur ,5
Salah satu ciptaan tuhan yg paling indah ,5
Pantai yg luas ,4
Pantai Pasir putih dan dekat dari kota Balige ,5
Trmpatnya bagus ,5
"Familiar ****
Bersih ***
Harga $$$ ",5
Oke ,5
Tempat sekitar kurang ditata ,3
Wisata nya indah ,3
Biasa aja ,3
Wisata Pantai Murah meriah ,4
Air nya dingin ,4
Oke punya lokasinya ,5
Sangat mudah dii temu kan ,2
Jelajahi saja ,4
Lebih enak dibanding di parapat ,4
Mantap ,5
Pantai bul bul lumban julu ,5
Biasa aja ,3
Cantik ni ,5
Sangat bagus Dan indah ,5
Bagus ,5
aman dan nyaman untuk dikunjungi ,5
Bagus lah sekelas Balige ,5
masih kotor sih. ,4
Cukup menarik.. ,4
Kurang bersih ,3
Pantainya indahhh ,4
Mantap... Suasana bagus ,3
Ok tenan ,5
Mari menjaga kebersihan ,4
Menyenangkan sekali ,1
Mantap viewnya ,5
Bersih indah dan terawat ,5
Meriah dan bersih ramah lagi ,5
Bagus & tingkatkan ,5
Susah cari makanan halal ,2
Cocok buat keluarga ,4
Lumban Bulbul Sunset ,5
Bagus ,5
Sangat menyenangkan ,3
Penuh nuansa budaya lokal ,5
Asik seru ,5
Bagus dan mnyengkan ,4
Tempat liburan yang mantapp ,5
Mantap nyaman dan sejuk ,5
Cobain aja sendiri. ,3
apakah disini bisa camp? ,4
Keren loh ,5
Biasa aja ,2
Good Lumban Bul-Bul Beach ,3
tempat yang indah dan menyenangkan. ,5
Jalan y sempit ,4
Sangat asri tempatnya ,5
"asri,indah dan aman ",4
Pemandangan yg keren ,5
Murah dan nyaman ini tempat ,4
â˜ï¸ğŸ˜ğŸ˜ â€¦ ,5
Bersih dan nyaman ,5
Tempatnya sangat2 indah..... ,4
Pantai Bul Bul bagian dari Danau Toba... ,5
Kurang menarik aja ,3
Mantap ,5
Tempatnya bagus. ,4
Seru dan akan kesini lagi ,5
Buat santai oke ,4
Bagus hanya kurang dikenal ,4
Nyaman dan menyenangkan ,4
ğŸ™‹ğŸ™‹ğŸ™‹ğŸ˜ğŸ˜ â€¦ ,5
Asik dan menarik..ğŸ˜ŠğŸ˜Šâ˜ºâ˜ºâ˜ºâ˜º â€¦ ,5
Numpang lewat... #tripbekasilondutmendan.. ,5
Tempat yg paling saya sukai ,5
pingin kesini lagi...hehe ,5
Masih kurangya servisan ke pengunjung ,1
Terlalu rameeeee.. Haha ,4
Tempat liburan keluarga ,4
Tempat rekreasi nongkrong ,4
Hihi ,3
Tempat wisata yang indah ,5
Karena belum pernah kesana ,1
Sangat mnyenangkan ,4
Lebih d berdayakan lg ,5
Sangat indah dan berkesan ,4
Pantai Bul Bul Balige - Kabupaten Toba samosir ,5
Sudah mulai dolllll ,2
Pantainya cantikğŸ˜Š â€¦ ,5
Tempat wisata nyaman ,5
Pantai yg bgtu indah ,5
Pantai yg indah ,3
Cukup oke untuk keluarga. ,4
trip adventure balige kualanamu ,5
Indah..lumban siluntong balige ,5
Gak menarik ,1
"Lumayan, tapi masih kotor ",4
Sangat baguss ,5
Liburan murah meriah ,5
Pemandangannya indah ,5
Tidal sangat menyenangkan ,3
Kurang perawatan ,2
Pantai Alami dan masih segar ,5
Sepi.. ,3
Masih banyak kurang ,1
Tempat wisata mantap ,5
Bagus & mesti dikembangkan ,5
Cukup baik ,4
Indah dan bersih ,4
Cantik pantainya ,5
ğŸ˜ â€¦ ,5
Pemandangannya indah ,5
Sejuk dan indah ,4
"Keren, indah, bersih, baik ",5
Semangat untuk kebersihannya ,3
Terlalu padat dengan warung ,5
Tempatnya bagus ,5
Tempat ya asri dan Yaman di kunjungi ,5
"Bersih, teratur dan tertata ",4
Pemandangannya indah ,5
Sangat bagus ,5
Lokasi rekreasi sumatera utara ,5
Sunguh memuas kan tempat ini ,5
Mantap ,5
ğŸ‘ â€¦ ,4
WAH KEREN BANGET ğŸ˜… â€¦ ,5
Lumayan la ,4
Banyak pasir dan banyak air ,5
ok kota balige ( toba samosir ) ,5
Danau Toba Pantai Pasir Putih Lumban Bulbul Balige ,4
ğŸ‘ğŸ‘ â€¦ ,4
Indah dan bersih ,5
Bagus dan murah ,5
Asri dan sejuk ,5
Menarik ,4
ğŸ‘ğŸ‘ â€¦ ,4
ğŸ‘ğŸ‘ğŸ‘ â€¦ ,4
bagus dan indah ,5
"Geopark yg sangat indah,,, ",5
Viewnya indah ,5
Mantap ,4
ğŸ˜ğŸ˜ â€¦ ,5
ğŸ‘ğŸ‘ â€¦ ,5
Indah... ,4
Parkir mahal ,3
Pantai yg indah ,5
"Bersih,nyaman ",4
Sangat bagusss ,5
Lokasinya waww ,5
Jorok dan tak terawat ,1
Cukup bagus ,5
Pantai yang sangat indah ,5
Saya suka Danau Toba ,5
Perlu pembenahan ,3
Lumayan.. ,4
Bagus dan indah. ,4
selalu ramaii ,5
Bagus... ,5
Kurang bersih ,3
Indah.. ,5
Kurang bersih ,3
Bagus.. ,4
Keren banget sekarang ,5
ğŸ˜‹ğŸ˜‹ğŸ˜‹ â€¦ ,5
Mantap.. ,5
Mantap ğŸ‘Œ â€¦ ,5
dingin!! ,5
Belum ditata dengan baik ,3
Pantai rasa pasar ,3
Kurang tertata ,3
Bagus........  Betahhjhhh ,5
Karena ini pantai ,5
"Keren, ada landmarknya ",5
indah bersih... ,3
Senja melawan rindu ,5
Paten ,5
Lumayan lah ,5
Bersih ,5
Keren sekali ,5
Mantap jiwa ,5
"Great
Bagus bgt ",5
Pantai berpasir Danau Toba ,5
Enak bangat ,5
Sangat baik ,5
Indah dan terjangkau ,4
Bareng keluarga seru juga. ,5
Sangat senang ,5
Tempat favorit ,5
"Ke sini aja, pokoknya...!!! ",5
Lumayan ,4
Sangat baik ,4
Indah dan kren ,4
Sangat senang ğŸ˜Š â€¦ ,4
kurang rapih ,3
Indah sekali .. ,5
Mantap cuy ,5
Indah panoramanya ,5
Enak dan seru ,5
Ke Indahan Bonapasogit. ,5
Lumayan ,5
"Seru, sangat memuasskan ",5
Sangat indah ,5
Indah dan nyaman ,5
Sangat indah ,5
Tujuan utama refreshing ,5
Keren mantap ,4
Tempat yg indah ,5
Terlalu mahal ,4
Indah...aman ,4
Baik ,5
Indah sekali ,5
Pemandangan indah ,5
Sungguh indah sekal ,5
bagus ,4
Keren banget ,4
ada kenangan ,5
indah dan bersahabat ,5
Asik n Kreatif ,5
Mantap ,5
kotor ,1
Keren dan asri tempatnya ,5
Pantai Air Tawar ,5
Mantap ,4
Keren banget ,5
Bagus ,5
Mantul ,5
Sangat indah ,5
Sunset di bona pasogit ,5
akomodasinya lengkap ,4
Pantai dari danau toba ,5
biasa saja ,2
Pantai yang indah.. ,5
Segar dengan alamnya ,5
Mirip dengan pantai cermin ,4
Bagus ,5
Pengen kesini lagi... ,5
Bagus ,5
Mantap ,5
Mantap ,2
Mantap ,5
Luar biasa ,5
Mantap ,1
Jernih euy ,5
Pantai air tawar.. ,5
Bagus ,5
Siip ,5
Mantap ,5
Tobasa ,5
Oke ,5
Layak untuk dinikmati ,5
Recomended... ,5
Keren ,5
Seruu ,5
Bersih ,4
Tempat ini sangat indah ,5
Bagus ,5
Mntap ,5
Jauh dari Jakarta ,5
BagusğŸ‘ğŸ‘ğŸ‘ â€¦ ,5
Bersih ,5
Mantap ,5
sangat indah bro ,5
Ditepi danau toba ,3
Enak ,5
"Pantai Air Tawar, ",5
Bagus ,5
Bagusss ,5
Lumayan ,3
Bagus ,5
baik ,5
Indah ,3
Cantikk ,5
Landai ,5
Sejuk ,5
Cantik ,5
lumayan ,2
Mantul ,4
Bagus ,3
Bagus ,5
Indah ,4
Keren ,5
Lumayan ,4
bagus ,5
Bagus ,4
Baik ,3
Pantai bulbul Balige Sumatera Utara ,5
Seruuuu ,5
Bersih ,5
Bagus ,5
Bgus ,5
Keren ,5
Bagus ,1
Lumayan ,5
Indah banget ,5
Keren ,4
Indah ,4
Mantul ,5
Rumah ,5
Masi gersang ,2
Bagus ,2
bagus ,5
Mantap ,3
Danau yg indah ,4
Keren ,5
Bagus ,4
Keren ,5
Bagus ,5
Lumayan ,4
Kren ,5
Lumayanlah ,3
Indah ,5
Mantap ,5
Kotor ,1
Indah ,5
Seru bersahabat ,5
Mantul ,5
Cantik ,4
Mantap ,5
Bagus ,5
Mantap ,4
Mantap ,5
bagus ,5
Indah ,5
Joss ,5
Senang ,4
ğŸ˜ğŸ˜ğŸ˜ğŸ˜ğŸ˜ğŸ˜ğŸ˜ğŸ˜˜ğŸ˜ â€¦ ,5
Mantapp ,4
Cntik ,5
Aman ,5
Mantul ,5
Danau seperti pantai.. ,4
Lumayan ,3
Ramai ,5
Jorok ,4
Kerennnn ,5
Keren ,5
Mantap ,5
Bersih ,5
View mantap ,4
kereennn ,5
Cantik dan indah ,5
Bagus ,4
Lumayan ,4
Murah ,5
Bagus ,4
Keren ,5
mantap ,5
Keren lokasinya ,5
Bagus ,5
Baik ,4
Asik ,5
Mantap ,5
Oke ,5
"Kunjungi, nikmati,bahagia ",5
Asri ,5
masih jorok ,3
Lumayan ,3
Bagus ,5
balige ,4
Baik ,4
Keren ,5
Bagus ,5
Mantap ,5
Indah ,4
Negeri kepingan surga ,5
Tempatnya indah ,5
Senang ,4
Memang indah ,4
Indah ,5
Tempat yang indah ,5
Sungguh..... sungguh indah ,5
Luar Biasa ,5
Lumban Sibulbul Baligeâ˜ğŸ‘ğŸ‘ â€¦ ,4
Kumuh ,2
Air ,5
"Pantainta mantul(,,,,,,,,,) ",3
pasir putih ,5
The best wisata ,5
"wow, indahnya .. ",4
Pantai yang indah ,4
